id,prop_type,player_name,player_team,defensive_matchup,sports_book,name,price,points,nba_api_player_id
03cb85b9ea8e3b9ca51d37460ae86a09,player_threes,Chris Paul,PHX,DAL,draftkings,Over,125,1.5,101108
03cb85b9ea8e3b9ca51d37460ae86a09,player_threes,Chris Paul,PHX,DAL,draftkings,Under,-155,1.5,101108
03cb85b9ea8e3b9ca51d37460ae86a09,player_threes,Devin Booker,PHX,DAL,draftkings,Over,115,2.5,1626164
03cb85b9ea8e3b9ca51d37460ae86a09,player_threes,Devin Booker,PHX,DAL,draftkings,Under,-145,2.5,1626164
03cb85b9ea8e3b9ca51d37460ae86a09,player_threes,Kevin Durant,PHX,DAL,draftkings,Over,-125,1.5,201142
03cb85b9ea8e3b9ca51d37460ae86a09,player_threes,Kevin Durant,PHX,DAL,draftkings,Under,-105,1.5,201142
03cb85b9ea8e3b9ca51d37460ae86a09,player_threes,Kyrie Irving,DAL,PHX,draftkings,Over,-175,2.5,202681
03cb85b9ea8e3b9ca51d37460ae86a09,player_threes,Kyrie Irving,DAL,PHX,draftkings,Under,140,2.5,202681
03cb85b9ea8e3b9ca51d37460ae86a09,player_threes,Luka Doncic,DAL,PHX,draftkings,Over,-140,2.5,1629029
03cb85b9ea8e3b9ca51d37460ae86a09,player_threes,Luka Doncic,DAL,PHX,draftkings,Under,110,2.5,1629029
03cb85b9ea8e3b9ca51d37460ae86a09,player_threes,Reggie Bullock,DAL,PHX,draftkings,Over,-190,1.5,203493
03cb85b9ea8e3b9ca51d37460ae86a09,player_threes,Reggie Bullock,DAL,PHX,draftkings,Under,155,1.5,203493
03cb85b9ea8e3b9ca51d37460ae86a09,player_threes,Chris Paul,PHX,DAL,betonlineag,Under,-167,1.5,101108
03cb85b9ea8e3b9ca51d37460ae86a09,player_threes,Chris Paul,PHX,DAL,betonlineag,Over,128,1.5,101108
03cb85b9ea8e3b9ca51d37460ae86a09,player_threes,Devin Booker,PHX,DAL,betonlineag,Under,-143,2.5,1626164
03cb85b9ea8e3b9ca51d37460ae86a09,player_threes,Devin Booker,PHX,DAL,betonlineag,Over,110,2.5,1626164
03cb85b9ea8e3b9ca51d37460ae86a09,player_threes,Kevin Durant,PHX,DAL,betonlineag,Over,-147,1.5,201142
03cb85b9ea8e3b9ca51d37460ae86a09,player_threes,Kevin Durant,PHX,DAL,betonlineag,Under,113,1.5,201142
03cb85b9ea8e3b9ca51d37460ae86a09,player_threes,Kyrie Irving,DAL,PHX,betonlineag,Under,139,2.5,202681
03cb85b9ea8e3b9ca51d37460ae86a09,player_threes,Kyrie Irving,DAL,PHX,betonlineag,Over,-182,2.5,202681
03cb85b9ea8e3b9ca51d37460ae86a09,player_threes,Luka Doncic,DAL,PHX,betonlineag,Under,108,2.5,1629029
03cb85b9ea8e3b9ca51d37460ae86a09,player_threes,Luka Doncic,DAL,PHX,betonlineag,Over,-141,2.5,1629029
03cb85b9ea8e3b9ca51d37460ae86a09,player_threes,Reggie Bullock,DAL,PHX,betonlineag,Under,154,1.5,203493
03cb85b9ea8e3b9ca51d37460ae86a09,player_threes,Reggie Bullock,DAL,PHX,betonlineag,Over,-204,1.5,203493
03cb85b9ea8e3b9ca51d37460ae86a09,player_threes,Kevin Durant,PHX,DAL,williamhill_us,Over,-127,1.5,201142
03cb85b9ea8e3b9ca51d37460ae86a09,player_threes,Kevin Durant,PHX,DAL,williamhill_us,Under,-108,1.5,201142
03cb85b9ea8e3b9ca51d37460ae86a09,player_threes,Devin Booker,PHX,DAL,williamhill_us,Over,108,2.5,1626164
03cb85b9ea8e3b9ca51d37460ae86a09,player_threes,Devin Booker,PHX,DAL,williamhill_us,Under,-148,2.5,1626164
03cb85b9ea8e3b9ca51d37460ae86a09,player_threes,Kyrie Irving,DAL,PHX,williamhill_us,Over,-184,2.5,202681
03cb85b9ea8e3b9ca51d37460ae86a09,player_threes,Kyrie Irving,DAL,PHX,williamhill_us,Under,133,2.5,202681
03cb85b9ea8e3b9ca51d37460ae86a09,player_threes,Reggie Bullock,DAL,PHX,williamhill_us,Over,-199,1.5,203493
03cb85b9ea8e3b9ca51d37460ae86a09,player_threes,Reggie Bullock,DAL,PHX,williamhill_us,Under,143,1.5,203493
03cb85b9ea8e3b9ca51d37460ae86a09,player_threes,Luka Doncic,DAL,PHX,williamhill_us,Over,-145,2.5,1629029
03cb85b9ea8e3b9ca51d37460ae86a09,player_threes,Luka Doncic,DAL,PHX,williamhill_us,Under,106,2.5,1629029
03cb85b9ea8e3b9ca51d37460ae86a09,player_threes,Chris Paul,PHX,DAL,williamhill_us,Over,123,1.5,101108
03cb85b9ea8e3b9ca51d37460ae86a09,player_threes,Chris Paul,PHX,DAL,williamhill_us,Under,-169,1.5,101108
03cb85b9ea8e3b9ca51d37460ae86a09,player_threes,Kyrie Irving,DAL,PHX,pointsbetus,Over,-170,2.5,202681
03cb85b9ea8e3b9ca51d37460ae86a09,player_threes,Kyrie Irving,DAL,PHX,pointsbetus,Under,130,2.5,202681
03cb85b9ea8e3b9ca51d37460ae86a09,player_threes,Luka Doncic,DAL,PHX,pointsbetus,Over,-140,2.5,1629029
03cb85b9ea8e3b9ca51d37460ae86a09,player_threes,Luka Doncic,DAL,PHX,pointsbetus,Under,110,2.5,1629029
03cb85b9ea8e3b9ca51d37460ae86a09,player_threes,Kevin Durant,PHX,DAL,pointsbetus,Over,-135,1.5,201142
03cb85b9ea8e3b9ca51d37460ae86a09,player_threes,Kevin Durant,PHX,DAL,pointsbetus,Under,105,1.5,201142
03cb85b9ea8e3b9ca51d37460ae86a09,player_threes,Chris Paul,PHX,DAL,pointsbetus,Over,135,1.5,101108
03cb85b9ea8e3b9ca51d37460ae86a09,player_threes,Chris Paul,PHX,DAL,pointsbetus,Under,-175,1.5,101108
03cb85b9ea8e3b9ca51d37460ae86a09,player_threes,Devin Booker,PHX,DAL,pointsbetus,Over,100,2.5,1626164
03cb85b9ea8e3b9ca51d37460ae86a09,player_threes,Devin Booker,PHX,DAL,pointsbetus,Under,-130,2.5,1626164
03cb85b9ea8e3b9ca51d37460ae86a09,player_threes,Reggie Bullock,DAL,PHX,pointsbetus,Over,-180,1.5,203493
03cb85b9ea8e3b9ca51d37460ae86a09,player_threes,Reggie Bullock,DAL,PHX,pointsbetus,Under,140,1.5,203493
03cb85b9ea8e3b9ca51d37460ae86a09,player_threes,Kyrie Irving,DAL,PHX,fanduel,Over,-174,2.5,202681
03cb85b9ea8e3b9ca51d37460ae86a09,player_threes,Kyrie Irving,DAL,PHX,fanduel,Under,136,2.5,202681
03cb85b9ea8e3b9ca51d37460ae86a09,player_threes,Luka Doncic,DAL,PHX,fanduel,Over,-142,2.5,1629029
03cb85b9ea8e3b9ca51d37460ae86a09,player_threes,Luka Doncic,DAL,PHX,fanduel,Under,112,2.5,1629029
03cb85b9ea8e3b9ca51d37460ae86a09,player_threes,Chris Paul,PHX,DAL,fanduel,Over,138,1.5,101108
03cb85b9ea8e3b9ca51d37460ae86a09,player_threes,Chris Paul,PHX,DAL,fanduel,Under,-178,1.5,101108
03cb85b9ea8e3b9ca51d37460ae86a09,player_threes,Devin Booker,PHX,DAL,fanduel,Over,106,2.5,1626164
03cb85b9ea8e3b9ca51d37460ae86a09,player_threes,Devin Booker,PHX,DAL,fanduel,Under,-136,2.5,1626164
03cb85b9ea8e3b9ca51d37460ae86a09,player_threes,Reggie Bullock,DAL,PHX,fanduel,Over,-194,1.5,203493
03cb85b9ea8e3b9ca51d37460ae86a09,player_threes,Reggie Bullock,DAL,PHX,fanduel,Under,150,1.5,203493
03cb85b9ea8e3b9ca51d37460ae86a09,player_threes,Kevin Durant,PHX,DAL,fanduel,Over,-132,1.5,201142
03cb85b9ea8e3b9ca51d37460ae86a09,player_threes,Kevin Durant,PHX,DAL,fanduel,Under,104,1.5,201142
03cb85b9ea8e3b9ca51d37460ae86a09,player_threes,Chris Paul,PHX,DAL,betmgm,Over,125,1.5,101108
03cb85b9ea8e3b9ca51d37460ae86a09,player_threes,Chris Paul,PHX,DAL,betmgm,Under,-165,1.5,101108
03cb85b9ea8e3b9ca51d37460ae86a09,player_threes,Reggie Bullock,DAL,PHX,betmgm,Over,-200,1.5,203493
03cb85b9ea8e3b9ca51d37460ae86a09,player_threes,Reggie Bullock,DAL,PHX,betmgm,Under,150,1.5,203493
03cb85b9ea8e3b9ca51d37460ae86a09,player_threes,Kevin Durant,PHX,DAL,betmgm,Over,-125,1.5,201142
03cb85b9ea8e3b9ca51d37460ae86a09,player_threes,Kevin Durant,PHX,DAL,betmgm,Under,-105,1.5,201142
03cb85b9ea8e3b9ca51d37460ae86a09,player_threes,Kyrie Irving,DAL,PHX,betmgm,Over,-185,2.5,202681
03cb85b9ea8e3b9ca51d37460ae86a09,player_threes,Kyrie Irving,DAL,PHX,betmgm,Under,135,2.5,202681
84d01612731210fe97a573773c91cdc7,player_threes,Zach LaVine,CHI,IND,fanduel,Over,-115,2.5,203897
84d01612731210fe97a573773c91cdc7,player_threes,Zach LaVine,CHI,IND,fanduel,Under,-111,2.5,203897
84d01612731210fe97a573773c91cdc7,player_threes,Nikola Vucevic,CHI,IND,fanduel,Over,100,1.5,202696
84d01612731210fe97a573773c91cdc7,player_threes,Nikola Vucevic,CHI,IND,fanduel,Under,-128,1.5,202696
84d01612731210fe97a573773c91cdc7,player_threes,Patrick Beverley,CHI,IND,fanduel,Over,-210,0.5,201976
84d01612731210fe97a573773c91cdc7,player_threes,Patrick Beverley,CHI,IND,fanduel,Under,162,0.5,201976
84d01612731210fe97a573773c91cdc7,player_threes,DeMar DeRozan,CHI,IND,betonlineag,Under,-204,0.5,201942
84d01612731210fe97a573773c91cdc7,player_threes,DeMar DeRozan,CHI,IND,betonlineag,Over,155,0.5,201942
84d01612731210fe97a573773c91cdc7,player_threes,Nikola Vucevic,CHI,IND,betonlineag,Over,100,1.5,202696
84d01612731210fe97a573773c91cdc7,player_threes,Nikola Vucevic,CHI,IND,betonlineag,Under,-130,1.5,202696
84d01612731210fe97a573773c91cdc7,player_threes,Patrick Beverley,CHI,IND,betonlineag,Under,161,0.5,201976
84d01612731210fe97a573773c91cdc7,player_threes,Patrick Beverley,CHI,IND,betonlineag,Over,-213,0.5,201976
84d01612731210fe97a573773c91cdc7,player_threes,Zach LaVine,CHI,IND,betonlineag,Under,-118,2.5,203897
84d01612731210fe97a573773c91cdc7,player_threes,Zach LaVine,CHI,IND,betonlineag,Over,-110,2.5,203897
84d01612731210fe97a573773c91cdc7,player_threes,DeMar DeRozan,CHI,IND,williamhill_us,Over,146,0.5,201942
84d01612731210fe97a573773c91cdc7,player_threes,DeMar DeRozan,CHI,IND,williamhill_us,Under,-204,0.5,201942
84d01612731210fe97a573773c91cdc7,player_threes,Zach LaVine,CHI,IND,williamhill_us,Over,-113,2.5,203897
84d01612731210fe97a573773c91cdc7,player_threes,Zach LaVine,CHI,IND,williamhill_us,Under,-121,2.5,203897
84d01612731210fe97a573773c91cdc7,player_threes,Patrick Beverley,CHI,IND,williamhill_us,Over,-214,0.5,201976
84d01612731210fe97a573773c91cdc7,player_threes,Patrick Beverley,CHI,IND,williamhill_us,Under,152,0.5,201976
84d01612731210fe97a573773c91cdc7,player_threes,Nikola Vucevic,CHI,IND,williamhill_us,Over,-103,1.5,202696
84d01612731210fe97a573773c91cdc7,player_threes,Nikola Vucevic,CHI,IND,williamhill_us,Under,-133,1.5,202696
84d01612731210fe97a573773c91cdc7,player_threes,Zach Lavine,CHI,IND,pointsbetus,Over,-115,2.5,203897
84d01612731210fe97a573773c91cdc7,player_threes,Zach Lavine,CHI,IND,pointsbetus,Under,-115,2.5,203897
84d01612731210fe97a573773c91cdc7,player_threes,Nikola Vucevic,CHI,IND,pointsbetus,Over,-105,1.5,202696
84d01612731210fe97a573773c91cdc7,player_threes,Nikola Vucevic,CHI,IND,pointsbetus,Under,-125,1.5,202696
84d01612731210fe97a573773c91cdc7,player_threes,Patrick Beverley,CHI,IND,pointsbetus,Over,-200,0.5,201976
84d01612731210fe97a573773c91cdc7,player_threes,Patrick Beverley,CHI,IND,pointsbetus,Under,150,0.5,201976
84d01612731210fe97a573773c91cdc7,player_threes,DeMar DeRozan,CHI,IND,draftkings,Over,160,0.5,201942
84d01612731210fe97a573773c91cdc7,player_threes,DeMar DeRozan,CHI,IND,draftkings,Under,-195,0.5,201942
84d01612731210fe97a573773c91cdc7,player_threes,Nikola Vucevic,CHI,IND,draftkings,Over,100,1.5,202696
84d01612731210fe97a573773c91cdc7,player_threes,Nikola Vucevic,CHI,IND,draftkings,Under,-130,1.5,202696
84d01612731210fe97a573773c91cdc7,player_threes,Patrick Beverley,CHI,IND,draftkings,Over,-205,0.5,201976
84d01612731210fe97a573773c91cdc7,player_threes,Patrick Beverley,CHI,IND,draftkings,Under,165,0.5,201976
84d01612731210fe97a573773c91cdc7,player_threes,Zach LaVine,CHI,IND,draftkings,Over,-110,2.5,203897
84d01612731210fe97a573773c91cdc7,player_threes,Zach LaVine,CHI,IND,draftkings,Under,-120,2.5,203897
84d01612731210fe97a573773c91cdc7,player_threes,DeMar DeRozan,CHI,IND,betmgm,Over,150,0.5,201942
84d01612731210fe97a573773c91cdc7,player_threes,DeMar DeRozan,CHI,IND,betmgm,Under,-210,0.5,201942
84d01612731210fe97a573773c91cdc7,player_threes,Nikola Vucevic,CHI,IND,betmgm,Over,100,1.5,202696
84d01612731210fe97a573773c91cdc7,player_threes,Nikola Vucevic,CHI,IND,betmgm,Under,-130,1.5,202696
84d01612731210fe97a573773c91cdc7,player_threes,Patrick Beverley,CHI,IND,betmgm,Over,-225,0.5,201976
84d01612731210fe97a573773c91cdc7,player_threes,Patrick Beverley,CHI,IND,betmgm,Under,160,0.5,201976
f3738fdf4fbc8fa27d46023c38f56222,player_threes,Anthony Davis,LAL,GSW,draftkings,Over,175,0.5,203076
f3738fdf4fbc8fa27d46023c38f56222,player_threes,Anthony Davis,LAL,GSW,draftkings,Under,-215,0.5,203076
f3738fdf4fbc8fa27d46023c38f56222,player_threes,Dennis Schroder,LAL,GSW,draftkings,Over,130,1.5,203471
f3738fdf4fbc8fa27d46023c38f56222,player_threes,Dennis Schroder,LAL,GSW,draftkings,Under,-160,1.5,203471
f3738fdf4fbc8fa27d46023c38f56222,player_threes,Draymond Green,GSW,LAL,draftkings,Over,140,0.5,203110
f3738fdf4fbc8fa27d46023c38f56222,player_threes,Draymond Green,GSW,LAL,draftkings,Under,-175,0.5,203110
f3738fdf4fbc8fa27d46023c38f56222,player_threes,Jordan Poole,GSW,LAL,draftkings,Over,-110,2.5,1629673
f3738fdf4fbc8fa27d46023c38f56222,player_threes,Jordan Poole,GSW,LAL,draftkings,Under,-120,2.5,1629673
f3738fdf4fbc8fa27d46023c38f56222,player_threes,Klay Thompson,GSW,LAL,draftkings,Over,-145,3.5,202691
f3738fdf4fbc8fa27d46023c38f56222,player_threes,Klay Thompson,GSW,LAL,draftkings,Under,115,3.5,202691
f3738fdf4fbc8fa27d46023c38f56222,player_threes,Malik Beasley,LAL,GSW,draftkings,Over,-110,3.5,1627736
f3738fdf4fbc8fa27d46023c38f56222,player_threes,Malik Beasley,LAL,GSW,draftkings,Under,-120,3.5,1627736
f3738fdf4fbc8fa27d46023c38f56222,player_threes,Anthony Davis Jr.,,,betonlineag,Under,-227,0.5,
f3738fdf4fbc8fa27d46023c38f56222,player_threes,Anthony Davis Jr.,,,betonlineag,Over,171,0.5,
f3738fdf4fbc8fa27d46023c38f56222,player_threes,Dennis Schroder,LAL,GSW,betonlineag,Over,122,1.5,203471
f3738fdf4fbc8fa27d46023c38f56222,player_threes,Dennis Schroder,LAL,GSW,betonlineag,Under,-159,1.5,203471
f3738fdf4fbc8fa27d46023c38f56222,player_threes,Draymond Green,GSW,LAL,betonlineag,Under,-182,0.5,203110
f3738fdf4fbc8fa27d46023c38f56222,player_threes,Draymond Green,GSW,LAL,betonlineag,Over,139,0.5,203110
f3738fdf4fbc8fa27d46023c38f56222,player_threes,Jordan Poole,GSW,LAL,betonlineag,Under,-115,2.5,1629673
f3738fdf4fbc8fa27d46023c38f56222,player_threes,Jordan Poole,GSW,LAL,betonlineag,Over,-112,2.5,1629673
f3738fdf4fbc8fa27d46023c38f56222,player_threes,Klay Thompson,GSW,LAL,betonlineag,Under,114,3.5,202691
f3738fdf4fbc8fa27d46023c38f56222,player_threes,Klay Thompson,GSW,LAL,betonlineag,Over,-147,3.5,202691
f3738fdf4fbc8fa27d46023c38f56222,player_threes,Malik Beasley,LAL,GSW,betonlineag,Over,-106,3.5,1627736
f3738fdf4fbc8fa27d46023c38f56222,player_threes,Malik Beasley,LAL,GSW,betonlineag,Under,-122,3.5,1627736
f3738fdf4fbc8fa27d46023c38f56222,player_threes,Stephen Curry,GSW,LAL,betonlineag,Under,-169,4.5,201939
f3738fdf4fbc8fa27d46023c38f56222,player_threes,Stephen Curry,GSW,LAL,betonlineag,Over,130,4.5,201939
f3738fdf4fbc8fa27d46023c38f56222,player_threes,Dennis Schroder,LAL,GSW,pointsbetus,Over,125,1.5,203471
f3738fdf4fbc8fa27d46023c38f56222,player_threes,Dennis Schroder,LAL,GSW,pointsbetus,Under,-160,1.5,203471
f3738fdf4fbc8fa27d46023c38f56222,player_threes,Malik Beasley,LAL,GSW,pointsbetus,Over,100,3.5,1627736
f3738fdf4fbc8fa27d46023c38f56222,player_threes,Malik Beasley,LAL,GSW,pointsbetus,Under,-130,3.5,1627736
f3738fdf4fbc8fa27d46023c38f56222,player_threes,Klay Thompson,GSW,LAL,pointsbetus,Over,-140,3.5,202691
f3738fdf4fbc8fa27d46023c38f56222,player_threes,Klay Thompson,GSW,LAL,pointsbetus,Under,110,3.5,202691
f3738fdf4fbc8fa27d46023c38f56222,player_threes,Stephen Curry,GSW,LAL,pointsbetus,Over,130,4.5,201939
f3738fdf4fbc8fa27d46023c38f56222,player_threes,Stephen Curry,GSW,LAL,pointsbetus,Under,-170,4.5,201939
f3738fdf4fbc8fa27d46023c38f56222,player_threes,Jordan Poole,GSW,LAL,pointsbetus,Over,-120,2.5,1629673
f3738fdf4fbc8fa27d46023c38f56222,player_threes,Jordan Poole,GSW,LAL,pointsbetus,Under,-110,2.5,1629673
f3738fdf4fbc8fa27d46023c38f56222,player_threes,Malik Beasley,LAL,GSW,fanduel,Over,102,3.5,1627736
f3738fdf4fbc8fa27d46023c38f56222,player_threes,Malik Beasley,LAL,GSW,fanduel,Under,-130,3.5,1627736
f3738fdf4fbc8fa27d46023c38f56222,player_threes,Jordan Poole,GSW,LAL,fanduel,Over,-125,2.5,1629673
f3738fdf4fbc8fa27d46023c38f56222,player_threes,Jordan Poole,GSW,LAL,fanduel,Under,-102,2.5,1629673
f3738fdf4fbc8fa27d46023c38f56222,player_threes,Klay Thompson,GSW,LAL,fanduel,Over,-148,3.5,202691
f3738fdf4fbc8fa27d46023c38f56222,player_threes,Klay Thompson,GSW,LAL,fanduel,Under,114,3.5,202691
f3738fdf4fbc8fa27d46023c38f56222,player_threes,Stephen Curry,GSW,LAL,fanduel,Over,132,4.5,201939
f3738fdf4fbc8fa27d46023c38f56222,player_threes,Stephen Curry,GSW,LAL,fanduel,Under,-170,4.5,201939
f3738fdf4fbc8fa27d46023c38f56222,player_threes,Dennis Schroder,LAL,GSW,fanduel,Over,132,1.5,203471
f3738fdf4fbc8fa27d46023c38f56222,player_threes,Dennis Schroder,LAL,GSW,fanduel,Under,-170,1.5,203471
f3738fdf4fbc8fa27d46023c38f56222,player_threes,Draymond Green,GSW,LAL,williamhill_us,Over,133,0.5,203110
f3738fdf4fbc8fa27d46023c38f56222,player_threes,Draymond Green,GSW,LAL,williamhill_us,Under,-184,0.5,203110
f3738fdf4fbc8fa27d46023c38f56222,player_threes,Jordan Poole,GSW,LAL,williamhill_us,Over,-111,2.5,1629673
f3738fdf4fbc8fa27d46023c38f56222,player_threes,Jordan Poole,GSW,LAL,williamhill_us,Under,-123,2.5,1629673
f3738fdf4fbc8fa27d46023c38f56222,player_threes,Dennis Schroder,LAL,GSW,williamhill_us,Over,114,1.5,203471
f3738fdf4fbc8fa27d46023c38f56222,player_threes,Dennis Schroder,LAL,GSW,williamhill_us,Under,-157,1.5,203471
f3738fdf4fbc8fa27d46023c38f56222,player_threes,Anthony Davis,LAL,GSW,williamhill_us,Over,159,0.5,203076
f3738fdf4fbc8fa27d46023c38f56222,player_threes,Anthony Davis,LAL,GSW,williamhill_us,Under,-224,0.5,203076
f3738fdf4fbc8fa27d46023c38f56222,player_threes,Malik Beasley,LAL,GSW,williamhill_us,Over,-115,3.5,1627736
f3738fdf4fbc8fa27d46023c38f56222,player_threes,Malik Beasley,LAL,GSW,williamhill_us,Under,-119,3.5,1627736
f3738fdf4fbc8fa27d46023c38f56222,player_threes,Klay Thompson,GSW,LAL,williamhill_us,Over,-142,3.5,202691
f3738fdf4fbc8fa27d46023c38f56222,player_threes,Klay Thompson,GSW,LAL,williamhill_us,Under,104,3.5,202691
f3738fdf4fbc8fa27d46023c38f56222,player_threes,Draymond Green,GSW,LAL,betmgm,Over,135,0.5,203110
f3738fdf4fbc8fa27d46023c38f56222,player_threes,Draymond Green,GSW,LAL,betmgm,Under,-185,0.5,203110
f3738fdf4fbc8fa27d46023c38f56222,player_threes,Klay Thompson,GSW,LAL,betmgm,Over,-150,3.5,202691
f3738fdf4fbc8fa27d46023c38f56222,player_threes,Klay Thompson,GSW,LAL,betmgm,Under,110,3.5,202691
f3738fdf4fbc8fa27d46023c38f56222,player_threes,Jordan Poole,GSW,LAL,betmgm,Over,-105,2.5,1629673
f3738fdf4fbc8fa27d46023c38f56222,player_threes,Jordan Poole,GSW,LAL,betmgm,Under,-125,2.5,1629673
f3738fdf4fbc8fa27d46023c38f56222,player_threes,Malik Beasley,LAL,GSW,betmgm,Over,-110,3.5,1627736
f3738fdf4fbc8fa27d46023c38f56222,player_threes,Malik Beasley,LAL,GSW,betmgm,Under,-120,3.5,1627736
4a69918148d19fe49ef0f103e90d4c87,player_threes,Cameron Johnson,BKN,CHA,draftkings,Over,-130,2.5,1629661
4a69918148d19fe49ef0f103e90d4c87,player_threes,Cameron Johnson,BKN,CHA,draftkings,Under,100,2.5,1629661
4a69918148d19fe49ef0f103e90d4c87,player_threes,Dorian Finney-Smith,BKN,CHA,draftkings,Over,-130,1.5,1627827
4a69918148d19fe49ef0f103e90d4c87,player_threes,Dorian Finney-Smith,BKN,CHA,draftkings,Under,100,1.5,1627827
4a69918148d19fe49ef0f103e90d4c87,player_threes,Kelly Oubre Jr.,CHA,BKN,draftkings,Over,-125,2.5,1626162
4a69918148d19fe49ef0f103e90d4c87,player_threes,Kelly Oubre Jr.,CHA,BKN,draftkings,Under,-105,2.5,1626162
4a69918148d19fe49ef0f103e90d4c87,player_threes,Mikal Bridges,BKN,CHA,draftkings,Over,-160,1.5,1628969
4a69918148d19fe49ef0f103e90d4c87,player_threes,Mikal Bridges,BKN,CHA,draftkings,Under,130,1.5,1628969
4a69918148d19fe49ef0f103e90d4c87,player_threes,Spencer Dinwiddie,BKN,CHA,draftkings,Over,150,2.5,203915
4a69918148d19fe49ef0f103e90d4c87,player_threes,Spencer Dinwiddie,BKN,CHA,draftkings,Under,-185,2.5,203915
4a69918148d19fe49ef0f103e90d4c87,player_threes,Terry Rozier,CHA,BKN,draftkings,Over,-140,2.5,1626179
4a69918148d19fe49ef0f103e90d4c87,player_threes,Terry Rozier,CHA,BKN,draftkings,Under,110,2.5,1626179
4a69918148d19fe49ef0f103e90d4c87,player_threes,Cameron Johnson,BKN,CHA,betonlineag,Over,-137,2.5,1629661
4a69918148d19fe49ef0f103e90d4c87,player_threes,Cameron Johnson,BKN,CHA,betonlineag,Under,106,2.5,1629661
4a69918148d19fe49ef0f103e90d4c87,player_threes,Dorian Finney-Smith,BKN,CHA,betonlineag,Over,-127,1.5,1627827
4a69918148d19fe49ef0f103e90d4c87,player_threes,Dorian Finney-Smith,BKN,CHA,betonlineag,Under,-102,1.5,1627827
4a69918148d19fe49ef0f103e90d4c87,player_threes,Kelly Oubre Jr.,CHA,BKN,betonlineag,Over,-125,2.5,1626162
4a69918148d19fe49ef0f103e90d4c87,player_threes,Kelly Oubre Jr.,CHA,BKN,betonlineag,Under,-103,2.5,1626162
4a69918148d19fe49ef0f103e90d4c87,player_threes,Mikal Bridges,BKN,CHA,betonlineag,Under,128,1.5,1628969
4a69918148d19fe49ef0f103e90d4c87,player_threes,Mikal Bridges,BKN,CHA,betonlineag,Over,-167,1.5,1628969
4a69918148d19fe49ef0f103e90d4c87,player_threes,Spencer Dinwiddie,BKN,CHA,betonlineag,Under,-182,2.5,203915
4a69918148d19fe49ef0f103e90d4c87,player_threes,Spencer Dinwiddie,BKN,CHA,betonlineag,Over,139,2.5,203915
4a69918148d19fe49ef0f103e90d4c87,player_threes,Terry Rozier,CHA,BKN,betonlineag,Under,108,2.5,1626179
4a69918148d19fe49ef0f103e90d4c87,player_threes,Terry Rozier,CHA,BKN,betonlineag,Over,-141,2.5,1626179
4a69918148d19fe49ef0f103e90d4c87,player_threes,Cameron Johnson,BKN,CHA,williamhill_us,Over,-135,2.5,1629661
4a69918148d19fe49ef0f103e90d4c87,player_threes,Cameron Johnson,BKN,CHA,williamhill_us,Under,-101,2.5,1629661
4a69918148d19fe49ef0f103e90d4c87,player_threes,Spencer Dinwiddie,BKN,CHA,williamhill_us,Over,139,2.5,203915
4a69918148d19fe49ef0f103e90d4c87,player_threes,Spencer Dinwiddie,BKN,CHA,williamhill_us,Under,-194,2.5,203915
4a69918148d19fe49ef0f103e90d4c87,player_threes,Kelly Oubre Jr.,CHA,BKN,williamhill_us,Over,-129,2.5,1626162
4a69918148d19fe49ef0f103e90d4c87,player_threes,Kelly Oubre Jr.,CHA,BKN,williamhill_us,Under,-106,2.5,1626162
4a69918148d19fe49ef0f103e90d4c87,player_threes,Terry Rozier,CHA,BKN,williamhill_us,Over,-142,2.5,1626179
4a69918148d19fe49ef0f103e90d4c87,player_threes,Terry Rozier,CHA,BKN,williamhill_us,Under,104,2.5,1626179
4a69918148d19fe49ef0f103e90d4c87,player_threes,Mikal Bridges,BKN,CHA,williamhill_us,Over,-169,1.5,1628969
4a69918148d19fe49ef0f103e90d4c87,player_threes,Mikal Bridges,BKN,CHA,williamhill_us,Under,123,1.5,1628969
4a69918148d19fe49ef0f103e90d4c87,player_threes,Dorian Finney-Smith,BKN,CHA,williamhill_us,Over,-135,1.5,1627827
4a69918148d19fe49ef0f103e90d4c87,player_threes,Dorian Finney-Smith,BKN,CHA,williamhill_us,Under,-101,1.5,1627827
4a69918148d19fe49ef0f103e90d4c87,player_threes,Dorian Finney-Smith,BKN,CHA,fanduel,Over,-130,1.5,1627827
4a69918148d19fe49ef0f103e90d4c87,player_threes,Dorian Finney-Smith,BKN,CHA,fanduel,Under,102,1.5,1627827
4a69918148d19fe49ef0f103e90d4c87,player_threes,Terry Rozier,CHA,BKN,fanduel,Over,-132,2.5,1626179
4a69918148d19fe49ef0f103e90d4c87,player_threes,Terry Rozier,CHA,BKN,fanduel,Under,104,2.5,1626179
4a69918148d19fe49ef0f103e90d4c87,player_threes,Cam Johnson,,,fanduel,Over,-148,2.5,
4a69918148d19fe49ef0f103e90d4c87,player_threes,Cam Johnson,,,fanduel,Under,116,2.5,
4a69918148d19fe49ef0f103e90d4c87,player_threes,Spencer Dinwiddie,BKN,CHA,fanduel,Over,142,2.5,203915
4a69918148d19fe49ef0f103e90d4c87,player_threes,Spencer Dinwiddie,BKN,CHA,fanduel,Under,-184,2.5,203915
4a69918148d19fe49ef0f103e90d4c87,player_threes,Mikal Bridges,BKN,CHA,fanduel,Over,-164,1.5,1628969
4a69918148d19fe49ef0f103e90d4c87,player_threes,Mikal Bridges,BKN,CHA,fanduel,Under,128,1.5,1628969
4a69918148d19fe49ef0f103e90d4c87,player_threes,Kelly Oubre Jr,CHA,BKN,fanduel,Over,-120,2.5,1626162
4a69918148d19fe49ef0f103e90d4c87,player_threes,Kelly Oubre Jr,CHA,BKN,fanduel,Under,-106,2.5,1626162
4a69918148d19fe49ef0f103e90d4c87,player_threes,Spencer Dinwiddie,BKN,CHA,pointsbetus,Over,140,2.5,203915
4a69918148d19fe49ef0f103e90d4c87,player_threes,Spencer Dinwiddie,BKN,CHA,pointsbetus,Under,-180,2.5,203915
4a69918148d19fe49ef0f103e90d4c87,player_threes,Dorian Finney-Smith,BKN,CHA,pointsbetus,Over,-130,1.5,1627827
4a69918148d19fe49ef0f103e90d4c87,player_threes,Dorian Finney-Smith,BKN,CHA,pointsbetus,Under,100,1.5,1627827
4a69918148d19fe49ef0f103e90d4c87,player_threes,Mikal Bridges,BKN,CHA,pointsbetus,Over,-175,1.5,1628969
4a69918148d19fe49ef0f103e90d4c87,player_threes,Mikal Bridges,BKN,CHA,pointsbetus,Under,135,1.5,1628969
4a69918148d19fe49ef0f103e90d4c87,player_threes,Cameron Johnson,BKN,CHA,pointsbetus,Over,-150,2.5,1629661
4a69918148d19fe49ef0f103e90d4c87,player_threes,Cameron Johnson,BKN,CHA,pointsbetus,Under,120,2.5,1629661
4a69918148d19fe49ef0f103e90d4c87,player_threes,Terry Rozier,CHA,BKN,pointsbetus,Over,-130,2.5,1626179
4a69918148d19fe49ef0f103e90d4c87,player_threes,Terry Rozier,CHA,BKN,pointsbetus,Under,100,2.5,1626179
4a69918148d19fe49ef0f103e90d4c87,player_threes,Kelly Oubre,CHA,BKN,pointsbetus,Over,-120,2.5,1626162
4a69918148d19fe49ef0f103e90d4c87,player_threes,Kelly Oubre,CHA,BKN,pointsbetus,Under,-110,2.5,1626162
4a69918148d19fe49ef0f103e90d4c87,player_threes,Mikal Bridges,BKN,CHA,betmgm,Over,-165,1.5,1628969
4a69918148d19fe49ef0f103e90d4c87,player_threes,Mikal Bridges,BKN,CHA,betmgm,Under,125,1.5,1628969
4a69918148d19fe49ef0f103e90d4c87,player_threes,Cameron Johnson,BKN,CHA,betmgm,Over,-135,2.5,1629661
4a69918148d19fe49ef0f103e90d4c87,player_threes,Cameron Johnson,BKN,CHA,betmgm,Under,100,2.5,1629661
4a69918148d19fe49ef0f103e90d4c87,player_threes,Dorian Finney-Smith,BKN,CHA,betmgm,Over,-130,1.5,1627827
4a69918148d19fe49ef0f103e90d4c87,player_threes,Dorian Finney-Smith,BKN,CHA,betmgm,Under,-105,1.5,1627827
4a69918148d19fe49ef0f103e90d4c87,player_threes,Kelly Oubre Jr,CHA,BKN,betmgm,Over,-130,2.5,1626162
4a69918148d19fe49ef0f103e90d4c87,player_threes,Kelly Oubre Jr,CHA,BKN,betmgm,Under,100,2.5,1626162
ca6c9fbaf053935fdabdb821c6de13cb,player_threes,Matisse Thybulle,POR,ORL,fanduel,Over,-125,1.5,1629680
ca6c9fbaf053935fdabdb821c6de13cb,player_threes,Matisse Thybulle,POR,ORL,fanduel,Under,-102,1.5,1629680
ca6c9fbaf053935fdabdb821c6de13cb,player_threes,Jerami Grant,POR,ORL,fanduel,Over,122,2.5,203924
ca6c9fbaf053935fdabdb821c6de13cb,player_threes,Jerami Grant,POR,ORL,fanduel,Under,-156,2.5,203924
ca6c9fbaf053935fdabdb821c6de13cb,player_threes,Damian Lillard,POR,ORL,fanduel,Over,-148,4.5,203081
ca6c9fbaf053935fdabdb821c6de13cb,player_threes,Damian Lillard,POR,ORL,fanduel,Under,116,4.5,203081
ca6c9fbaf053935fdabdb821c6de13cb,player_threes,Wendell Carter,ORL,POR,fanduel,Over,172,1.5,1628976
ca6c9fbaf053935fdabdb821c6de13cb,player_threes,Wendell Carter,ORL,POR,fanduel,Under,-225,1.5,1628976
ca6c9fbaf053935fdabdb821c6de13cb,player_threes,Cam Reddish,POR,ORL,fanduel,Over,-156,1.5,1629629
ca6c9fbaf053935fdabdb821c6de13cb,player_threes,Cam Reddish,POR,ORL,fanduel,Under,122,1.5,1629629
ca6c9fbaf053935fdabdb821c6de13cb,player_threes,Paolo Banchero,ORL,POR,fanduel,Over,-210,0.5,1631094
ca6c9fbaf053935fdabdb821c6de13cb,player_threes,Paolo Banchero,ORL,POR,fanduel,Under,162,0.5,1631094
ca6c9fbaf053935fdabdb821c6de13cb,player_threes,Cam Reddish,POR,ORL,betonlineag,Under,118,1.5,1629629
ca6c9fbaf053935fdabdb821c6de13cb,player_threes,Cam Reddish,POR,ORL,betonlineag,Over,-154,1.5,1629629
ca6c9fbaf053935fdabdb821c6de13cb,player_threes,Damian Lillard,POR,ORL,betonlineag,Under,105,4.5,203081
ca6c9fbaf053935fdabdb821c6de13cb,player_threes,Damian Lillard,POR,ORL,betonlineag,Over,-135,4.5,203081
ca6c9fbaf053935fdabdb821c6de13cb,player_threes,Jerami Grant,POR,ORL,betonlineag,Over,113,2.5,203924
ca6c9fbaf053935fdabdb821c6de13cb,player_threes,Jerami Grant,POR,ORL,betonlineag,Under,-147,2.5,203924
ca6c9fbaf053935fdabdb821c6de13cb,player_threes,Markelle Fultz,ORL,POR,betonlineag,Under,-152,0.5,1628365
ca6c9fbaf053935fdabdb821c6de13cb,player_threes,Markelle Fultz,ORL,POR,betonlineag,Over,117,0.5,1628365
ca6c9fbaf053935fdabdb821c6de13cb,player_threes,Matisse Thybulle,POR,ORL,betonlineag,Over,-123,1.5,1629680
ca6c9fbaf053935fdabdb821c6de13cb,player_threes,Matisse Thybulle,POR,ORL,betonlineag,Under,-105,1.5,1629680
ca6c9fbaf053935fdabdb821c6de13cb,player_threes,Paolo Banchero,ORL,POR,betonlineag,Under,172,0.5,1631094
ca6c9fbaf053935fdabdb821c6de13cb,player_threes,Paolo Banchero,ORL,POR,betonlineag,Over,-227,0.5,1631094
ca6c9fbaf053935fdabdb821c6de13cb,player_threes,Wendell Carter Jr.,ORL,POR,betonlineag,Under,-233,1.5,1628976
ca6c9fbaf053935fdabdb821c6de13cb,player_threes,Wendell Carter Jr.,ORL,POR,betonlineag,Over,174,1.5,1628976
ca6c9fbaf053935fdabdb821c6de13cb,player_threes,Drew Eubanks,POR,ORL,betonlineag,Over,796,0.5,1629234
ca6c9fbaf053935fdabdb821c6de13cb,player_threes,Drew Eubanks,POR,ORL,betonlineag,Under,-2000,0.5,1629234
ca6c9fbaf053935fdabdb821c6de13cb,player_threes,Damian Lillard,POR,ORL,williamhill_us,Over,-137,4.5,203081
ca6c9fbaf053935fdabdb821c6de13cb,player_threes,Damian Lillard,POR,ORL,williamhill_us,Under,100,4.5,203081
ca6c9fbaf053935fdabdb821c6de13cb,player_threes,Jerami Grant,POR,ORL,williamhill_us,Over,110,2.5,203924
ca6c9fbaf053935fdabdb821c6de13cb,player_threes,Jerami Grant,POR,ORL,williamhill_us,Under,-151,2.5,203924
ca6c9fbaf053935fdabdb821c6de13cb,player_threes,Cam Reddish,POR,ORL,williamhill_us,Over,-157,1.5,1629629
ca6c9fbaf053935fdabdb821c6de13cb,player_threes,Cam Reddish,POR,ORL,williamhill_us,Under,114,1.5,1629629
ca6c9fbaf053935fdabdb821c6de13cb,player_threes,Matisse Thybulle,POR,ORL,williamhill_us,Over,-127,1.5,1629680
ca6c9fbaf053935fdabdb821c6de13cb,player_threes,Matisse Thybulle,POR,ORL,williamhill_us,Under,-108,1.5,1629680
ca6c9fbaf053935fdabdb821c6de13cb,player_threes,Paolo Banchero,ORL,POR,williamhill_us,Over,-234,0.5,1631094
ca6c9fbaf053935fdabdb821c6de13cb,player_threes,Paolo Banchero,ORL,POR,williamhill_us,Under,165,0.5,1631094
ca6c9fbaf053935fdabdb821c6de13cb,player_threes,Wendell Carter Jr.,ORL,POR,williamhill_us,Over,165,1.5,1628976
ca6c9fbaf053935fdabdb821c6de13cb,player_threes,Wendell Carter Jr.,ORL,POR,williamhill_us,Under,-234,1.5,1628976
ca6c9fbaf053935fdabdb821c6de13cb,player_threes,Drew Eubanks,POR,ORL,williamhill_us,Over,669,0.5,1629234
ca6c9fbaf053935fdabdb821c6de13cb,player_threes,Drew Eubanks,POR,ORL,williamhill_us,Under,-1804,0.5,1629234
ca6c9fbaf053935fdabdb821c6de13cb,player_threes,Markelle Fultz,ORL,POR,williamhill_us,Over,112,0.5,1628365
ca6c9fbaf053935fdabdb821c6de13cb,player_threes,Markelle Fultz,ORL,POR,williamhill_us,Under,-154,0.5,1628365
ca6c9fbaf053935fdabdb821c6de13cb,player_threes,Wendell Carter,ORL,POR,pointsbetus,Over,165,1.5,1628976
ca6c9fbaf053935fdabdb821c6de13cb,player_threes,Wendell Carter,ORL,POR,pointsbetus,Under,-225,1.5,1628976
ca6c9fbaf053935fdabdb821c6de13cb,player_threes,Damian Lillard,POR,ORL,pointsbetus,Over,-140,4.5,203081
ca6c9fbaf053935fdabdb821c6de13cb,player_threes,Damian Lillard,POR,ORL,pointsbetus,Under,110,4.5,203081
ca6c9fbaf053935fdabdb821c6de13cb,player_threes,Jerami Grant,POR,ORL,pointsbetus,Over,120,2.5,203924
ca6c9fbaf053935fdabdb821c6de13cb,player_threes,Jerami Grant,POR,ORL,pointsbetus,Under,-150,2.5,203924
ca6c9fbaf053935fdabdb821c6de13cb,player_threes,Matisse Thybulle,POR,ORL,pointsbetus,Over,-125,1.5,1629680
ca6c9fbaf053935fdabdb821c6de13cb,player_threes,Matisse Thybulle,POR,ORL,pointsbetus,Under,-105,1.5,1629680
ca6c9fbaf053935fdabdb821c6de13cb,player_threes,Cam Reddish,POR,ORL,pointsbetus,Over,-160,1.5,1629629
ca6c9fbaf053935fdabdb821c6de13cb,player_threes,Cam Reddish,POR,ORL,pointsbetus,Under,125,1.5,1629629
ca6c9fbaf053935fdabdb821c6de13cb,player_threes,Paolo Banchero,ORL,POR,pointsbetus,Over,-200,0.5,1631094
ca6c9fbaf053935fdabdb821c6de13cb,player_threes,Paolo Banchero,ORL,POR,pointsbetus,Under,150,0.5,1631094
ca6c9fbaf053935fdabdb821c6de13cb,player_threes,Jerami Grant,POR,ORL,betmgm,Over,110,2.5,203924
ca6c9fbaf053935fdabdb821c6de13cb,player_threes,Jerami Grant,POR,ORL,betmgm,Under,-150,2.5,203924
ca6c9fbaf053935fdabdb821c6de13cb,player_threes,Drew Eubanks,POR,ORL,betmgm,Over,800,0.5,1629234
ca6c9fbaf053935fdabdb821c6de13cb,player_threes,Drew Eubanks,POR,ORL,betmgm,Under,-2500,0.5,1629234
ca6c9fbaf053935fdabdb821c6de13cb,player_threes,Wendell Carter Jr.,ORL,POR,betmgm,Over,170,1.5,1628976
ca6c9fbaf053935fdabdb821c6de13cb,player_threes,Wendell Carter Jr.,ORL,POR,betmgm,Under,-250,1.5,1628976
ca6c9fbaf053935fdabdb821c6de13cb,player_threes,Cam Reddish,POR,ORL,betmgm,Over,-155,1.5,1629629
ca6c9fbaf053935fdabdb821c6de13cb,player_threes,Cam Reddish,POR,ORL,betmgm,Under,115,1.5,1629629
ca6c9fbaf053935fdabdb821c6de13cb,player_threes,Paolo Banchero,ORL,POR,betmgm,Over,-250,0.5,1631094
ca6c9fbaf053935fdabdb821c6de13cb,player_threes,Paolo Banchero,ORL,POR,betmgm,Under,170,0.5,1631094
ca6c9fbaf053935fdabdb821c6de13cb,player_threes,Cam Reddish,POR,ORL,draftkings,Over,-145,1.5,1629629
ca6c9fbaf053935fdabdb821c6de13cb,player_threes,Cam Reddish,POR,ORL,draftkings,Under,115,1.5,1629629
ca6c9fbaf053935fdabdb821c6de13cb,player_threes,Damian Lillard,POR,ORL,draftkings,Over,-135,4.5,203081
ca6c9fbaf053935fdabdb821c6de13cb,player_threes,Damian Lillard,POR,ORL,draftkings,Under,105,4.5,203081
ca6c9fbaf053935fdabdb821c6de13cb,player_threes,Drew Eubanks,POR,ORL,draftkings,Over,900,0.5,1629234
ca6c9fbaf053935fdabdb821c6de13cb,player_threes,Drew Eubanks,POR,ORL,draftkings,Under,-1700,0.5,1629234
ca6c9fbaf053935fdabdb821c6de13cb,player_threes,Jerami Grant,POR,ORL,draftkings,Over,115,2.5,203924
ca6c9fbaf053935fdabdb821c6de13cb,player_threes,Jerami Grant,POR,ORL,draftkings,Under,-145,2.5,203924
ca6c9fbaf053935fdabdb821c6de13cb,player_threes,Markelle Fultz,ORL,POR,draftkings,Over,120,0.5,1628365
ca6c9fbaf053935fdabdb821c6de13cb,player_threes,Markelle Fultz,ORL,POR,draftkings,Under,-150,0.5,1628365
ca6c9fbaf053935fdabdb821c6de13cb,player_threes,Matisse Thybulle,POR,ORL,draftkings,Over,-120,1.5,1629680
ca6c9fbaf053935fdabdb821c6de13cb,player_threes,Matisse Thybulle,POR,ORL,draftkings,Under,-110,1.5,1629680
ca6c9fbaf053935fdabdb821c6de13cb,player_threes,Paolo Banchero,ORL,POR,draftkings,Over,-190,0.5,1631094
ca6c9fbaf053935fdabdb821c6de13cb,player_threes,Paolo Banchero,ORL,POR,draftkings,Under,155,0.5,1631094
ca6c9fbaf053935fdabdb821c6de13cb,player_threes,Wendell Carter Jr.,ORL,POR,draftkings,Over,180,1.5,1628976
ca6c9fbaf053935fdabdb821c6de13cb,player_threes,Wendell Carter Jr.,ORL,POR,draftkings,Under,-220,1.5,1628976
a7cda5fd97c0d8ee5f237f09013bcfab,player_threes,Jordan Clarkson,UTA,OKC,fanduel,Over,-166,2.5,203903
a7cda5fd97c0d8ee5f237f09013bcfab,player_threes,Jordan Clarkson,UTA,OKC,fanduel,Under,130,2.5,203903
a7cda5fd97c0d8ee5f237f09013bcfab,player_threes,Kelly Olynyk,UTA,OKC,fanduel,Over,-132,1.5,203482
a7cda5fd97c0d8ee5f237f09013bcfab,player_threes,Kelly Olynyk,UTA,OKC,fanduel,Under,104,1.5,203482
a7cda5fd97c0d8ee5f237f09013bcfab,player_threes,Luguentz Dort,OKC,UTA,fanduel,Over,-146,1.5,1629652
a7cda5fd97c0d8ee5f237f09013bcfab,player_threes,Luguentz Dort,OKC,UTA,fanduel,Under,114,1.5,1629652
a7cda5fd97c0d8ee5f237f09013bcfab,player_threes,Jalen Williams,OKC,UTA,fanduel,Over,196,1.5,1631114
a7cda5fd97c0d8ee5f237f09013bcfab,player_threes,Jalen Williams,OKC,UTA,fanduel,Under,-260,1.5,1631114
a7cda5fd97c0d8ee5f237f09013bcfab,player_threes,Shai Gilgeous-Alexander,OKC,UTA,fanduel,Over,-154,0.5,1628983
a7cda5fd97c0d8ee5f237f09013bcfab,player_threes,Shai Gilgeous-Alexander,OKC,UTA,fanduel,Under,120,0.5,1628983
a7cda5fd97c0d8ee5f237f09013bcfab,player_threes,Kelly Olynyk,UTA,OKC,betmgm,Over,-130,1.5,203482
a7cda5fd97c0d8ee5f237f09013bcfab,player_threes,Kelly Olynyk,UTA,OKC,betmgm,Under,100,1.5,203482
a7cda5fd97c0d8ee5f237f09013bcfab,player_threes,S. Gilgeous-Alexander,,,pointsbetus,Over,-145,0.5,
a7cda5fd97c0d8ee5f237f09013bcfab,player_threes,S. Gilgeous-Alexander,,,pointsbetus,Under,115,0.5,
a7cda5fd97c0d8ee5f237f09013bcfab,player_threes,Luguentz Dort,OKC,UTA,pointsbetus,Over,-150,1.5,1629652
a7cda5fd97c0d8ee5f237f09013bcfab,player_threes,Luguentz Dort,OKC,UTA,pointsbetus,Under,120,1.5,1629652
a7cda5fd97c0d8ee5f237f09013bcfab,player_threes,Jalen Williams,OKC,UTA,pointsbetus,Over,185,1.5,1631114
a7cda5fd97c0d8ee5f237f09013bcfab,player_threes,Jalen Williams,OKC,UTA,pointsbetus,Under,-250,1.5,1631114
a7cda5fd97c0d8ee5f237f09013bcfab,player_threes,Kelly Olynyk,UTA,OKC,pointsbetus,Over,-135,1.5,203482
a7cda5fd97c0d8ee5f237f09013bcfab,player_threes,Kelly Olynyk,UTA,OKC,pointsbetus,Under,105,1.5,203482
a7cda5fd97c0d8ee5f237f09013bcfab,player_threes,Jordan Clarkson,UTA,OKC,pointsbetus,Over,-170,2.5,203903
a7cda5fd97c0d8ee5f237f09013bcfab,player_threes,Jordan Clarkson,UTA,OKC,pointsbetus,Under,130,2.5,203903
a7cda5fd97c0d8ee5f237f09013bcfab,player_threes,Jordan Clarkson,UTA,OKC,williamhill_us,Over,-160,2.5,203903
a7cda5fd97c0d8ee5f237f09013bcfab,player_threes,Jordan Clarkson,UTA,OKC,williamhill_us,Under,116,2.5,203903
a7cda5fd97c0d8ee5f237f09013bcfab,player_threes,Kelly Olynyk,UTA,OKC,williamhill_us,Over,-133,1.5,203482
a7cda5fd97c0d8ee5f237f09013bcfab,player_threes,Kelly Olynyk,UTA,OKC,williamhill_us,Under,-103,1.5,203482
a7cda5fd97c0d8ee5f237f09013bcfab,player_threes,Jordan Clarkson,UTA,OKC,draftkings,Over,-150,2.5,203903
a7cda5fd97c0d8ee5f237f09013bcfab,player_threes,Jordan Clarkson,UTA,OKC,draftkings,Under,120,2.5,203903
a7cda5fd97c0d8ee5f237f09013bcfab,player_threes,Kelly Olynyk,UTA,OKC,draftkings,Over,-130,1.5,203482
a7cda5fd97c0d8ee5f237f09013bcfab,player_threes,Kelly Olynyk,UTA,OKC,draftkings,Under,100,1.5,203482
0395c9f28743d7bbb6d847949c896d63,player_threes,Al Horford,BOS,NYK,draftkings,Over,-155,1.5,201143
0395c9f28743d7bbb6d847949c896d63,player_threes,Al Horford,BOS,NYK,draftkings,Under,125,1.5,201143
0395c9f28743d7bbb6d847949c896d63,player_threes,Jalen Brunson,NYK,BOS,draftkings,Over,150,2.5,1628973
0395c9f28743d7bbb6d847949c896d63,player_threes,Jalen Brunson,NYK,BOS,draftkings,Under,-185,2.5,1628973
0395c9f28743d7bbb6d847949c896d63,player_threes,Jaylen Brown,BOS,NYK,draftkings,Over,100,2.5,1627759
0395c9f28743d7bbb6d847949c896d63,player_threes,Jaylen Brown,BOS,NYK,draftkings,Under,-130,2.5,1627759
0395c9f28743d7bbb6d847949c896d63,player_threes,Jayson Tatum,BOS,NYK,draftkings,Over,-160,2.5,1628369
0395c9f28743d7bbb6d847949c896d63,player_threes,Jayson Tatum,BOS,NYK,draftkings,Under,130,2.5,1628369
0395c9f28743d7bbb6d847949c896d63,player_threes,Julius Randle,NYK,BOS,draftkings,Over,105,3.5,203944
0395c9f28743d7bbb6d847949c896d63,player_threes,Julius Randle,NYK,BOS,draftkings,Under,-135,3.5,203944
0395c9f28743d7bbb6d847949c896d63,player_threes,Marcus Smart,BOS,NYK,draftkings,Over,-130,1.5,203935
0395c9f28743d7bbb6d847949c896d63,player_threes,Marcus Smart,BOS,NYK,draftkings,Under,100,1.5,203935
0395c9f28743d7bbb6d847949c896d63,player_threes,Quentin Grimes,NYK,BOS,draftkings,Over,115,1.5,1629656
0395c9f28743d7bbb6d847949c896d63,player_threes,Quentin Grimes,NYK,BOS,draftkings,Under,-145,1.5,1629656
0395c9f28743d7bbb6d847949c896d63,player_threes,RJ Barrett,NYK,BOS,draftkings,Over,-105,1.5,1629628
0395c9f28743d7bbb6d847949c896d63,player_threes,RJ Barrett,NYK,BOS,draftkings,Under,-125,1.5,1629628
0395c9f28743d7bbb6d847949c896d63,player_threes,Al Horford,BOS,NYK,betonlineag,Under,129,1.5,201143
0395c9f28743d7bbb6d847949c896d63,player_threes,Al Horford,BOS,NYK,betonlineag,Over,-169,1.5,201143
0395c9f28743d7bbb6d847949c896d63,player_threes,Jalen Brunson,NYK,BOS,betonlineag,Under,-185,2.5,1628973
0395c9f28743d7bbb6d847949c896d63,player_threes,Jalen Brunson,NYK,BOS,betonlineag,Over,141,2.5,1628973
0395c9f28743d7bbb6d847949c896d63,player_threes,Jaylen Brown,BOS,NYK,betonlineag,Under,-133,2.5,1627759
0395c9f28743d7bbb6d847949c896d63,player_threes,Jaylen Brown,BOS,NYK,betonlineag,Over,103,2.5,1627759
0395c9f28743d7bbb6d847949c896d63,player_threes,Jayson Tatum,BOS,NYK,betonlineag,Under,121,2.5,1628369
0395c9f28743d7bbb6d847949c896d63,player_threes,Jayson Tatum,BOS,NYK,betonlineag,Over,-156,2.5,1628369
0395c9f28743d7bbb6d847949c896d63,player_threes,Julius Randle,NYK,BOS,betonlineag,Under,-137,3.5,203944
0395c9f28743d7bbb6d847949c896d63,player_threes,Julius Randle,NYK,BOS,betonlineag,Over,106,3.5,203944
0395c9f28743d7bbb6d847949c896d63,player_threes,Marcus Smart,BOS,NYK,betonlineag,Under,110,1.5,203935
0395c9f28743d7bbb6d847949c896d63,player_threes,Marcus Smart,BOS,NYK,betonlineag,Over,-143,1.5,203935
0395c9f28743d7bbb6d847949c896d63,player_threes,RJ Barrett Jr.,,,betonlineag,Under,-125,1.5,
0395c9f28743d7bbb6d847949c896d63,player_threes,RJ Barrett Jr.,,,betonlineag,Over,-103,1.5,
0395c9f28743d7bbb6d847949c896d63,player_threes,Quentin Grimes,NYK,BOS,betonlineag,Under,-145,1.5,1629656
0395c9f28743d7bbb6d847949c896d63,player_threes,Quentin Grimes,NYK,BOS,betonlineag,Over,112,1.5,1629656
0395c9f28743d7bbb6d847949c896d63,player_threes,RJ Barrett,NYK,BOS,williamhill_us,Over,-113,1.5,1629628
0395c9f28743d7bbb6d847949c896d63,player_threes,RJ Barrett,NYK,BOS,williamhill_us,Under,-121,1.5,1629628
0395c9f28743d7bbb6d847949c896d63,player_threes,Al Horford,BOS,NYK,williamhill_us,Over,-157,1.5,201143
0395c9f28743d7bbb6d847949c896d63,player_threes,Al Horford,BOS,NYK,williamhill_us,Under,114,1.5,201143
0395c9f28743d7bbb6d847949c896d63,player_threes,Marcus Smart,BOS,NYK,williamhill_us,Over,-135,1.5,203935
0395c9f28743d7bbb6d847949c896d63,player_threes,Marcus Smart,BOS,NYK,williamhill_us,Under,-101,1.5,203935
0395c9f28743d7bbb6d847949c896d63,player_threes,Jalen Brunson,NYK,BOS,williamhill_us,Over,139,2.5,1628973
0395c9f28743d7bbb6d847949c896d63,player_threes,Jalen Brunson,NYK,BOS,williamhill_us,Under,-194,2.5,1628973
0395c9f28743d7bbb6d847949c896d63,player_threes,Julius Randle,NYK,BOS,williamhill_us,Over,110,3.5,203944
0395c9f28743d7bbb6d847949c896d63,player_threes,Julius Randle,NYK,BOS,williamhill_us,Under,-151,3.5,203944
0395c9f28743d7bbb6d847949c896d63,player_threes,Jayson Tatum,BOS,NYK,williamhill_us,Over,-160,2.5,1628369
0395c9f28743d7bbb6d847949c896d63,player_threes,Jayson Tatum,BOS,NYK,williamhill_us,Under,116,2.5,1628369
0395c9f28743d7bbb6d847949c896d63,player_threes,Jaylen Brown,BOS,NYK,williamhill_us,Over,-103,2.5,1627759
0395c9f28743d7bbb6d847949c896d63,player_threes,Jaylen Brown,BOS,NYK,williamhill_us,Under,-133,2.5,1627759
0395c9f28743d7bbb6d847949c896d63,player_threes,Quentin Grimes,NYK,BOS,williamhill_us,Over,108,1.5,1629656
0395c9f28743d7bbb6d847949c896d63,player_threes,Quentin Grimes,NYK,BOS,williamhill_us,Under,-148,1.5,1629656
0395c9f28743d7bbb6d847949c896d63,player_threes,Marcus Smart,BOS,NYK,fanduel,Over,-156,1.5,203935
0395c9f28743d7bbb6d847949c896d63,player_threes,Marcus Smart,BOS,NYK,fanduel,Under,122,1.5,203935
0395c9f28743d7bbb6d847949c896d63,player_threes,Julius Randle,NYK,BOS,fanduel,Over,106,3.5,203944
0395c9f28743d7bbb6d847949c896d63,player_threes,Julius Randle,NYK,BOS,fanduel,Under,-136,3.5,203944
0395c9f28743d7bbb6d847949c896d63,player_threes,Quentin Grimes,NYK,BOS,fanduel,Over,108,1.5,1629656
0395c9f28743d7bbb6d847949c896d63,player_threes,Quentin Grimes,NYK,BOS,fanduel,Under,-138,1.5,1629656
0395c9f28743d7bbb6d847949c896d63,player_threes,Jaylen Brown,BOS,NYK,fanduel,Over,106,2.5,1627759
0395c9f28743d7bbb6d847949c896d63,player_threes,Jaylen Brown,BOS,NYK,fanduel,Under,-136,2.5,1627759
0395c9f28743d7bbb6d847949c896d63,player_threes,Al Horford,BOS,NYK,fanduel,Over,-178,1.5,201143
0395c9f28743d7bbb6d847949c896d63,player_threes,Al Horford,BOS,NYK,fanduel,Under,138,1.5,201143
0395c9f28743d7bbb6d847949c896d63,player_threes,RJ Barrett,NYK,BOS,fanduel,Over,-104,1.5,1629628
0395c9f28743d7bbb6d847949c896d63,player_threes,RJ Barrett,NYK,BOS,fanduel,Under,-122,1.5,1629628
0395c9f28743d7bbb6d847949c896d63,player_threes,Jalen Brunson,NYK,BOS,fanduel,Over,132,2.5,1628973
0395c9f28743d7bbb6d847949c896d63,player_threes,Jalen Brunson,NYK,BOS,fanduel,Under,-170,2.5,1628973
0395c9f28743d7bbb6d847949c896d63,player_threes,Jayson Tatum,BOS,NYK,fanduel,Over,-164,2.5,1628369
0395c9f28743d7bbb6d847949c896d63,player_threes,Jayson Tatum,BOS,NYK,fanduel,Under,128,2.5,1628369
0395c9f28743d7bbb6d847949c896d63,player_threes,Quentin Grimes,NYK,BOS,betmgm,Over,110,1.5,1629656
0395c9f28743d7bbb6d847949c896d63,player_threes,Quentin Grimes,NYK,BOS,betmgm,Under,-150,1.5,1629656
0395c9f28743d7bbb6d847949c896d63,player_threes,Al Horford,BOS,NYK,betmgm,Over,-160,1.5,201143
0395c9f28743d7bbb6d847949c896d63,player_threes,Al Horford,BOS,NYK,betmgm,Under,125,1.5,201143
0395c9f28743d7bbb6d847949c896d63,player_threes,Jalen Brunson,NYK,BOS,betmgm,Over,145,2.5,1628973
0395c9f28743d7bbb6d847949c896d63,player_threes,Jalen Brunson,NYK,BOS,betmgm,Under,-190,2.5,1628973
0395c9f28743d7bbb6d847949c896d63,player_threes,Marcus Smart,BOS,NYK,pointsbetus,Over,-160,1.5,203935
0395c9f28743d7bbb6d847949c896d63,player_threes,Marcus Smart,BOS,NYK,pointsbetus,Under,125,1.5,203935
0395c9f28743d7bbb6d847949c896d63,player_threes,Al Horford,BOS,NYK,pointsbetus,Over,-170,1.5,201143
0395c9f28743d7bbb6d847949c896d63,player_threes,Al Horford,BOS,NYK,pointsbetus,Under,130,1.5,201143
0395c9f28743d7bbb6d847949c896d63,player_threes,Jaylen Brown,BOS,NYK,pointsbetus,Over,100,2.5,1627759
0395c9f28743d7bbb6d847949c896d63,player_threes,Jaylen Brown,BOS,NYK,pointsbetus,Under,-130,2.5,1627759
0395c9f28743d7bbb6d847949c896d63,player_threes,Jayson Tatum,BOS,NYK,pointsbetus,Over,-150,2.5,1628369
0395c9f28743d7bbb6d847949c896d63,player_threes,Jayson Tatum,BOS,NYK,pointsbetus,Under,120,2.5,1628369
0395c9f28743d7bbb6d847949c896d63,player_threes,Julius Randle,NYK,BOS,pointsbetus,Over,100,3.5,203944
0395c9f28743d7bbb6d847949c896d63,player_threes,Julius Randle,NYK,BOS,pointsbetus,Under,-130,3.5,203944
0395c9f28743d7bbb6d847949c896d63,player_threes,Jalen Brunson,NYK,BOS,pointsbetus,Over,135,2.5,1628973
0395c9f28743d7bbb6d847949c896d63,player_threes,Jalen Brunson,NYK,BOS,pointsbetus,Under,-175,2.5,1628973
0395c9f28743d7bbb6d847949c896d63,player_threes,Rj Barrett,NYK,BOS,pointsbetus,Over,-110,1.5,1629628
0395c9f28743d7bbb6d847949c896d63,player_threes,Rj Barrett,NYK,BOS,pointsbetus,Under,-120,1.5,1629628
0395c9f28743d7bbb6d847949c896d63,player_threes,Quentin Grimes,NYK,BOS,pointsbetus,Over,110,1.5,1629656
0395c9f28743d7bbb6d847949c896d63,player_threes,Quentin Grimes,NYK,BOS,pointsbetus,Under,-140,1.5,1629656
520ea140854069248112333caf74d7c0,player_threes,Kawhi Leonard,LAC,MEM,draftkings,Over,-185,1.5,202695
520ea140854069248112333caf74d7c0,player_threes,Kawhi Leonard,LAC,MEM,draftkings,Under,150,1.5,202695
520ea140854069248112333caf74d7c0,player_threes,Paul George,LAC,MEM,draftkings,Over,-145,2.5,202331
520ea140854069248112333caf74d7c0,player_threes,Paul George,LAC,MEM,draftkings,Under,115,2.5,202331
520ea140854069248112333caf74d7c0,player_threes,Kawhi Leonard,LAC,MEM,betonlineag,Under,147,1.5,202695
520ea140854069248112333caf74d7c0,player_threes,Kawhi Leonard,LAC,MEM,betonlineag,Over,-192,1.5,202695
520ea140854069248112333caf74d7c0,player_threes,Paul George,LAC,MEM,betonlineag,Under,110,2.5,202331
520ea140854069248112333caf74d7c0,player_threes,Paul George,LAC,MEM,betonlineag,Over,-143,2.5,202331
520ea140854069248112333caf74d7c0,player_threes,Russell Westbrook,LAC,MEM,betonlineag,Over,-208,0.5,201566
520ea140854069248112333caf74d7c0,player_threes,Russell Westbrook,LAC,MEM,betonlineag,Under,159,0.5,201566
520ea140854069248112333caf74d7c0,player_threes,Desmond Bane,MEM,LAC,betonlineag,Under,-133,3.5,1630217
520ea140854069248112333caf74d7c0,player_threes,Desmond Bane,MEM,LAC,betonlineag,Over,103,3.5,1630217
520ea140854069248112333caf74d7c0,player_threes,Jaren Jackson Jr.,MEM,LAC,betonlineag,Over,139,2.5,1628991
520ea140854069248112333caf74d7c0,player_threes,Jaren Jackson Jr.,MEM,LAC,betonlineag,Under,-182,2.5,1628991
520ea140854069248112333caf74d7c0,player_threes,Paul George,LAC,MEM,williamhill_us,Over,-151,2.5,202331
520ea140854069248112333caf74d7c0,player_threes,Paul George,LAC,MEM,williamhill_us,Under,110,2.5,202331
520ea140854069248112333caf74d7c0,player_threes,Kawhi Leonard,LAC,MEM,williamhill_us,Over,-194,1.5,202695
520ea140854069248112333caf74d7c0,player_threes,Kawhi Leonard,LAC,MEM,williamhill_us,Under,139,1.5,202695
520ea140854069248112333caf74d7c0,player_threes,Paul George,LAC,MEM,fanduel,Over,-138,2.5,202331
520ea140854069248112333caf74d7c0,player_threes,Paul George,LAC,MEM,fanduel,Under,108,2.5,202331
520ea140854069248112333caf74d7c0,player_threes,Desmond Bane,MEM,LAC,fanduel,Over,104,3.5,1630217
520ea140854069248112333caf74d7c0,player_threes,Desmond Bane,MEM,LAC,fanduel,Under,-132,3.5,1630217
520ea140854069248112333caf74d7c0,player_threes,Russell Westbrook,LAC,MEM,fanduel,Over,-205,0.5,201566
520ea140854069248112333caf74d7c0,player_threes,Russell Westbrook,LAC,MEM,fanduel,Under,158,0.5,201566
520ea140854069248112333caf74d7c0,player_threes,Kawhi Leonard,LAC,MEM,fanduel,Over,-180,1.5,202695
520ea140854069248112333caf74d7c0,player_threes,Kawhi Leonard,LAC,MEM,fanduel,Under,140,1.5,202695
520ea140854069248112333caf74d7c0,player_threes,Jaren Jackson Jr.,MEM,LAC,fanduel,Over,146,2.5,1628991
520ea140854069248112333caf74d7c0,player_threes,Jaren Jackson Jr.,MEM,LAC,fanduel,Under,-188,2.5,1628991
520ea140854069248112333caf74d7c0,player_threes,Russell Westbrook,LAC,MEM,pointsbetus,Over,-190,0.5,201566
520ea140854069248112333caf74d7c0,player_threes,Russell Westbrook,LAC,MEM,pointsbetus,Under,145,0.5,201566
520ea140854069248112333caf74d7c0,player_threes,Paul George,LAC,MEM,pointsbetus,Over,-135,2.5,202331
520ea140854069248112333caf74d7c0,player_threes,Paul George,LAC,MEM,pointsbetus,Under,105,2.5,202331
520ea140854069248112333caf74d7c0,player_threes,Kawhi Leonard,LAC,MEM,pointsbetus,Over,-190,1.5,202695
520ea140854069248112333caf74d7c0,player_threes,Kawhi Leonard,LAC,MEM,pointsbetus,Under,145,1.5,202695
520ea140854069248112333caf74d7c0,player_threes,Desmond Bane,MEM,LAC,pointsbetus,Over,-105,3.5,1630217
520ea140854069248112333caf74d7c0,player_threes,Desmond Bane,MEM,LAC,pointsbetus,Under,-125,3.5,1630217
520ea140854069248112333caf74d7c0,player_threes,Jaren Jackson Jr.,MEM,LAC,pointsbetus,Over,135,2.5,1628991
520ea140854069248112333caf74d7c0,player_threes,Jaren Jackson Jr.,MEM,LAC,pointsbetus,Under,-175,2.5,1628991
